Wavelength_nm,SPD_W_sr_m2_nm,x_bar,y_bar,z_bar,S_x_x_bar,S_x_y_bar,S_x_z_bar
380,9.08000000e-05,1.36800000e-03,3.90000000e-05,6.45000100e-03,1.24214400e-07,3.54120000e-09,5.85660091e-07
381,6.31000000e-05,1.50205000e-03,4.28264000e-05,7.08321600e-03,9.47793550e-08,2.70234584e-09,4.46950930e-07
382,8.38000000e-05,1.64232800e-03,4.69146000e-05,7.74548800e-03,1.37627086e-07,3.93144348e-09,6.49071894e-07
383,8.74000000e-05,1.80238200e-03,5.15896000e-05,8.50115200e-03,1.57528187e-07,4.50893104e-09,7.43000685e-07
384,1.03000000e-04,1.99575700e-03,5.71764000e-05,9.41454400e-03,2.05562971e-07,5.88916920e-09,9.69698032e-07
385,8.71000000e-05,2.23600000e-03,6.40000000e-05,1.05499900e-02,1.94755600e-07,5.57440000e-09,9.18904129e-07
386,6.26000000e-05,2.53538500e-03,7.23442100e-05,1.19658000e-02,1.58715101e-07,4.52874755e-09,7.49059080e-07
387,7.68000000e-05,2.89260300e-03,8.22122400e-05,1.36558700e-02,2.22151910e-07,6.31390003e-09,1.04877082e-06
388,9.52000000e-05,3.30082900e-03,9.35081600e-05,1.55880500e-02,3.14238921e-07,8.90197683e-09,1.48398236e-06
389,9.83000000e-05,3.75323600e-03,1.06136100e-04,1.77301500e-02,3.68943099e-07,1.04331786e-08,1.74287375e-06
390,7.90000000e-05,4.24300000e-03,1.20000000e-04,2.00500100e-02,3.35197000e-07,9.48000000e-09,1.58395079e-06
391,9.79000000e-05,4.76238900e-03,1.34984000e-04,2.25113600e-02,4.66237883e-07,1.32149336e-08,2.20386214e-06
392,7.41000000e-05,5.33004800e-03,1.51492000e-04,2.52028800e-02,3.94956557e-07,1.12255572e-08,1.86753341e-06
393,9.38000000e-05,5.97871200e-03,1.70208000e-04,2.82797200e-02,5.60803186e-07,1.59655104e-08,2.65263774e-06
394,9.89000000e-05,6.74111700e-03,1.91816000e-04,3.18970400e-02,6.66696471e-07,1.89706024e-08,3.15461726e-06
395,8.94000000e-05,7.65000000e-03,2.17000000e-04,3.62100000e-02,6.83910000e-07,1.93998000e-08,3.23717400e-06
396,8.98000000e-05,8.75137300e-03,2.46906700e-04,4.14377100e-02,7.85873295e-07,2.21722217e-08,3.72110636e-06
397,6.52000000e-05,1.00288800e-02,2.81240000e-04,4.75037200e-02,6.53882976e-07,1.83368480e-08,3.09724254e-06
398,7.70000000e-05,1.14217000e-02,3.18520000e-04,5.41198800e-02,8.79470900e-07,2.45260400e-08,4.16723076e-06
399,9.53000000e-05,1.28690100e-02,3.57266700e-04,6.09980300e-02,1.22641665e-06,3.40475165e-08,5.81311226e-06
400,1.12000000e-04,1.43100000e-02,3.96000000e-04,6.78500100e-02,1.60272000e-06,4.43520000e-08,7.59920112e-06
401,1.23000000e-04,1.57044300e-02,4.33714700e-04,7.44863200e-02,1.93164489e-06,5.33469081e-08,9.16181736e-06
402,1.05000000e-04,1.71474400e-02,4.73024000e-04,8.13615600e-02,1.80048120e-06,4.96675200e-08,8.54296380e-06
403,1.15000000e-04,1.87812200e-02,5.17876000e-04,8.91536400e-02,2.15984030e-06,5.95557400e-08,1.02526686e-05
404,1.34000000e-04,2.07480100e-02,5.72218700e-04,9.85404800e-02,2.78023334e-06,7.66773058e-08,1.32044243e-05
405,1.23000000e-04,2.31900000e-02,6.40000000e-04,1.10200000e-01,2.85237000e-06,7.87200000e-08,1.35546000e-05
406,1.20000000e-04,2.62073600e-02,7.24560000e-04,1.24613300e-01,3.14488320e-06,8.69472000e-08,1.49535960e-05
407,1.30000000e-04,2.97824800e-02,8.25500000e-04,1.41701700e-01,3.87172240e-06,1.07315000e-07,1.84212210e-05
408,1.30000000e-04,3.38809200e-02,9.41160000e-04,1.61303500e-01,4.40451960e-06,1.22350800e-07,2.09694550e-05
409,1.49000000e-04,3.84682400e-02,1.06988000e-03,1.83256800e-01,5.73176776e-06,1.59412120e-07,2.73052632e-05
410,1.53000000e-04,4.35100000e-02,1.21000000e-03,2.07400000e-01,6.65703000e-06,1.85130000e-07,3.17322000e-05
411,1.52000000e-04,4.89956000e-02,1.36209100e-03,2.33692100e-01,7.44733120e-06,2.07037832e-07,3.55211992e-05
412,1.87000000e-04,5.50226000e-02,1.53075200e-03,2.62611400e-01,1.02892262e-05,2.86250624e-07,4.91083318e-05
413,1.70000000e-04,6.17188000e-02,1.72036800e-03,2.94774600e-01,1.04921960e-05,2.92462560e-07,5.01116820e-05
414,2.05000000e-04,6.92120000e-02,1.93532300e-03,3.30798500e-01,1.41884600e-05,3.96741215e-07,6.78136925e-05
415,2.06000000e-04,7.76300000e-02,2.18000000e-03,3.71300000e-01,1.59917800e-05,4.49080000e-07,7.64878000e-05
416,2.30000000e-04,8.69581100e-02,2.45480000e-03,4.16209100e-01,2.00003653e-05,5.64604000e-07,9.57280930e-05
417,2.48000000e-04,9.71767200e-02,2.76400000e-03,4.65464200e-01,2.40998266e-05,6.85472000e-07,1.15435122e-04
418,2.65000000e-04,1.08406300e-01,3.11780000e-03,5.19694800e-01,2.87276695e-05,8.26217000e-07,1.37719122e-04
419,3.00000000e-04,1.20767200e-01,3.52640000e-03,5.79530300e-01,3.62301600e-05,1.05792000e-06,1.73859090e-04
420,3.26000000e-04,1.34380000e-01,4.00000000e-03,6.45600000e-01,4.38078800e-05,1.30400000e-06,2.10465600e-04
421,3.51000000e-04,1.49358200e-01,4.54624000e-03,7.18483800e-01,5.24247282e-05,1.59573024e-06,2.52187814e-04
422,3.57000000e-04,1.65395700e-01,5.15932000e-03,7.96713300e-01,5.90462649e-05,1.84187724e-06,2.84426648e-04
423,3.96000000e-04,1.81983100e-01,5.82928000e-03,8.77845900e-01,7.20653076e-05,2.30839488e-06,3.47626976e-04
424,4.50000000e-04,1.98611000e-01,6.54616000e-03,9.59439000e-01,8.93749500e-05,2.94577200e-06,4.31747550e-04
425,4.87000000e-04,2.14770000e-01,7.30000000e-03,1.03905010e+00,1.04592990e-04,3.55510000e-06,5.06017399e-04
426,5.71000000e-04,2.30186800e-01,8.08650700e-03,1.11536730e+00,1.31436663e-04,4.61739550e-06,6.36874728e-04
427,6.34000000e-04,2.44879700e-01,8.90872000e-03,1.18849710e+00,1.55253730e-04,5.64812848e-06,7.53507161e-04
428,7.05000000e-04,2.58777300e-01,9.76768000e-03,1.25812330e+00,1.82437997e-04,6.88621440e-06,8.86976927e-04
429,8.16000000e-04,2.71807900e-01,1.06644300e-02,1.32392960e+00,2.21795246e-04,8.70217488e-06,1.08032655e-03
430,9.02000000e-04,2.83900000e-01,1.16000000e-02,1.38560000e+00,2.56077800e-04,1.04632000e-05,1.24981120e-03
431,1.03000000e-03,2.94943800e-01,1.25731700e-02,1.44263520e+00,3.03792114e-04,1.29503651e-05,1.48591426e-03
432,1.18000000e-03,3.04896500e-01,1.35827200e-02,1.49480350e+00,3.59777870e-04,1.60276096e-05,1.76386813e-03
433,1.36000000e-03,3.13787300e-01,1.46296800e-02,1.54219030e+00,4.26750728e-04,1.98963648e-05,2.09737881e-03
434,1.50000000e-03,3.21645400e-01,1.57150900e-02,1.58488070e+00,4.82468100e-04,2.35726350e-05,2.37732105e-03
435,1.72000000e-03,3.28500000e-01,1.68400000e-02,1.62296000e+00,5.65020000e-04,2.89648000e-05,2.79149120e-03
436,1.98000000e-03,3.34351300e-01,1.80073600e-02,1.65640480e+00,6.62015574e-04,3.56545728e-05,3.27968150e-03
437,2.26000000e-03,3.39210100e-01,1.92144800e-02,1.68529590e+00,7.66614826e-04,4.34247248e-05,3.80876873e-03
438,2.60000000e-03,3.43121300e-01,2.04539200e-02,1.70987450e+00,8.92115380e-04,5.31801920e-05,4.44567370e-03
439,2.93000000e-03,3.46129600e-01,2.17182400e-02,1.73038210e+00,1.01415973e-03,6.36344432e-05,5.07001955e-03
440,3.31000000e-03,3.48280000e-01,2.30000000e-02,1.74706000e+00,1.15280680e-03,7.61300000e-05,5.78276860e-03
441,3.82000000e-03,3.49599900e-01,2.42946100e-02,1.76004460e+00,1.33547162e-03,9.28054102e-05,6.72337037e-03
442,4.31000000e-03,3.50147400e-01,2.56102400e-02,1.76962330e+00,1.50913529e-03,1.10380134e-04,7.62707642e-03
443,4.88000000e-03,3.50013000e-01,2.69585700e-02,1.77626370e+00,1.70806344e-03,1.31557822e-04,8.66816686e-03
444,5.48000000e-03,3.49287000e-01,2.83512500e-02,1.78043340e+00,1.91409276e-03,1.55364850e-04,9.75677503e-03
445,6.26000000e-03,3.48060000e-01,2.98000000e-02,1.78260000e+00,2.17885560e-03,1.86548000e-04,1.11590760e-02
446,7.06000000e-03,3.46373300e-01,3.13108300e-02,1.78296820e+00,2.44539550e-03,2.21054460e-04,1.25877555e-02
447,7.88000000e-03,3.44262400e-01,3.28836800e-02,1.78169980e+00,2.71278771e-03,2.59123398e-04,1.40397944e-02
448,9.09000000e-03,3.41808800e-01,3.45211200e-02,1.77919820e+00,3.10704199e-03,3.13796981e-04,1.61729116e-02
449,1.01000000e-02,3.39094100e-01,3.62257100e-02,1.77586710e+00,3.42485041e-03,3.65879671e-04,1.79362577e-02
450,1.14000000e-02,3.36200000e-01,3.80000000e-02,1.77211000e+00,3.83268000e-03,4.33200000e-04,2.02020540e-02
451,1.27000000e-02,3.33197700e-01,3.98466700e-02,1.76825890e+00,4.23161079e-03,5.06052709e-04,2.24568880e-02
452,1.44000000e-02,3.30041100e-01,4.17680000e-02,1.76403900e+00,4.75259184e-03,6.01459200e-04,2.54021616e-02
453,1.62000000e-02,3.26635700e-01,4.37660000e-02,1.75894380e+00,5.29149834e-03,7.09009200e-04,2.84948896e-02
454,1.80000000e-02,3.22886800e-01,4.58426700e-02,1.75246630e+00,5.81196240e-03,8.25168060e-04,3.15443934e-02
455,2.04000000e-02,3.18700000e-01,4.80000000e-02,1.74410000e+00,6.50148000e-03,9.79200000e-04,3.55796400e-02
456,2.32000000e-02,3.14025100e-01,5.02436800e-02,1.73355950e+00,7.28538232e-03,1.16565338e-03,4.02185804e-02
457,2.56000000e-02,3.08884000e-01,5.25730400e-02,1.72085810e+00,7.90743040e-03,1.34586982e-03,4.40539674e-02
458,2.87000000e-02,3.03290400e-01,5.49805600e-02,1.70593690e+00,8.70443448e-03,1.57794207e-03,4.89603890e-02
459,3.19000000e-02,2.97257900e-01,5.74587200e-02,1.68873720e+00,9.48252701e-03,1.83293317e-03,5.38707167e-02
460,3.52000000e-02,2.90800000e-01,6.00000000e-02,1.66920000e+00,1.02361600e-02,2.11200000e-03,5.87558400e-02
461,3.78000000e-02,2.83970100e-01,6.26019700e-02,1.64752870e+00,1.07340698e-02,2.36635447e-03,6.22765849e-02
462,4.10000000e-02,2.76721400e-01,6.52775200e-02,1.62341270e+00,1.13455774e-02,2.67637832e-03,6.65599207e-02
463,4.39000000e-02,2.68917800e-01,6.80420800e-02,1.59602230e+00,1.18054914e-02,2.98704731e-03,7.00653790e-02
464,4.56000000e-02,2.60422700e-01,7.09110900e-02,1.56452800e+00,1.18752751e-02,3.23354570e-03,7.13424768e-02
465,4.67000000e-02,2.51100000e-01,7.39000000e-02,1.52810000e+00,1.17263700e-02,3.45113000e-03,7.13622700e-02
466,4.73000000e-02,2.40847500e-01,7.70160000e-02,1.48611140e+00,1.13920868e-02,3.64285680e-03,7.02930692e-02
467,4.68000000e-02,2.29851200e-01,8.02664000e-02,1.43952150e+00,1.07570362e-02,3.75646752e-03,6.73696062e-02
468,4.55000000e-02,2.18407200e-01,8.36668000e-02,1.38987990e+00,9.93752760e-03,3.80683940e-03,6.32395354e-02
469,4.38000000e-02,2.06811500e-01,8.72328000e-02,1.33873620e+00,9.05834370e-03,3.82079664e-03,5.86366456e-02
470,4.11000000e-02,1.95360000e-01,9.09800000e-02,1.28764000e+00,8.02929600e-03,3.73927800e-03,5.29220040e-02
471,3.83000000e-02,1.84213600e-01,9.49175500e-02,1.23742230e+00,7.05538088e-03,3.63534217e-03,4.73932741e-02
472,3.53000000e-02,1.73327300e-01,9.90458400e-02,1.18782430e+00,6.11845369e-03,3.49631815e-03,4.19301978e-02
473,3.25000000e-02,1.62688100e-01,1.03367400e-01,1.13876110e+00,5.28736325e-03,3.35944050e-03,3.70097358e-02
474,2.92000000e-02,1.52283300e-01,1.07884600e-01,1.09014800e+00,4.44667236e-03,3.15023032e-03,3.18323216e-02
475,2.65000000e-02,1.42100000e-01,1.12600000e-01,1.04190000e+00,3.76565000e-03,2.98390000e-03,2.76103500e-02
476,2.44000000e-02,1.32178600e-01,1.17532000e-01,9.94197600e-01,3.22515784e-03,2.86778080e-03,2.42584214e-02
477,2.24000000e-02,1.22569600e-01,1.22674400e-01,9.47347300e-01,2.74555904e-03,2.74790656e-03,2.12205795e-02
478,2.06000000e-02,1.13275200e-01,1.27992800e-01,9.01453100e-01,2.33346912e-03,2.63665168e-03,1.85699339e-02
479,1.91000000e-02,1.04297900e-01,1.33452800e-01,8.56619300e-01,1.99208989e-03,2.54894848e-03,1.63614286e-02
480,1.78000000e-02,9.56400000e-02,1.39020000e-01,8.12950100e-01,1.70239200e-03,2.47455600e-03,1.44705118e-02
481,1.68000000e-02,8.72995500e-02,1.44676400e-01,7.70517300e-01,1.46663244e-03,2.43056352e-03,1.29446906e-02
482,1.55000000e-02,7.93080400e-02,1.50469300e-01,7.29444800e-01,1.22927462e-03,2.33227415e-03,1.13063944e-02
483,1.46000000e-02,7.17177600e-02,1.56461900e-01,6.89913600e-01,1.04707930e-03,2.28434374e-03,1.00727386e-02
484,1.37000000e-02,6.45809900e-02,1.62717700e-01,6.52104900e-01,8.84759563e-04,2.22923249e-03,8.93383713e-03
485,1.27000000e-02,5.79500100e-02,1.69300000e-01,6.16200000e-01,7.35965127e-04,2.15011000e-03,7.82574000e-03
486,1.18000000e-02,5.18621100e-02,1.76243100e-01,5.82328600e-01,6.11972898e-04,2.07966858e-03,6.87147748e-03
487,1.10000000e-02,4.62815200e-02,1.83558100e-01,5.50416200e-01,5.09096720e-04,2.01913910e-03,6.05457820e-03
488,1.03000000e-02,4.11508800e-02,1.91273500e-01,5.20337600e-01,4.23854064e-04,1.97011705e-03,5.35947728e-03
489,9.58000000e-03,3.64128300e-02,1.99418000e-01,4.91967300e-01,3.48834911e-04,1.91042444e-03,4.71304673e-03
490,8.98000000e-03,3.20100000e-02,2.08020000e-01,4.65180000e-01,2.87449800e-04,1.86801960e-03,4.17731640e-03
491,8.53000000e-03,2.79172000e-02,2.17119900e-01,4.39924600e-01,2.38133716e-04,1.85203275e-03,3.75255684e-03
492,8.09000000e-03,2.41444000e-02,2.26734500e-01,4.16183600e-01,1.95328196e-04,1.83428211e-03,3.36692532e-03
493,7.80000000e-03,2.06870000e-02,2.36857100e-01,3.93882200e-01,1.61358600e-04,1.84748538e-03,3.07228116e-03
494,7.66000000e-03,1.75404000e-02,2.47481200e-01,3.72945900e-01,1.34359464e-04,1.89570599e-03,2.85676559e-03
495,7.60000000e-03,1.47000000e-02,2.58600000e-01,3.53300000e-01,1.11720000e-04,1.96536000e-03,2.68508000e-03
496,7.62000000e-03,1.21617900e-02,2.70184900e-01,3.34857800e-01,9.26728398e-05,2.05880894e-03,2.55161644e-03
497,7.75000000e-03,9.91996000e-03,2.82293900e-01,3.17552100e-01,7.68796900e-05,2.18777772e-03,2.46102878e-03
498,8.00000000e-03,7.96724000e-03,2.95050500e-01,3.01337500e-01,6.37379200e-05,2.36040400e-03,2.41070000e-03
499,8.30000000e-03,6.29634600e-03,3.08578000e-01,2.86168600e-01,5.22596718e-05,2.56119740e-03,2.37519938e-03
500,8.65000000e-03,4.90000000e-03,3.23000000e-01,2.72000000e-01,4.23850000e-05,2.79395000e-03,2.35280000e-03
501,9.18000000e-03,3.77717300e-03,3.38402100e-01,2.58817100e-01,3.46744481e-05,3.10653128e-03,2.37594098e-03
502,9.72000000e-03,2.94532000e-03,3.54685800e-01,2.46483800e-01,2.86285104e-05,3.44754598e-03,2.39582254e-03
503,1.03000000e-02,2.42488000e-03,3.71698600e-01,2.34771800e-01,2.49762640e-05,3.82849558e-03,2.41814954e-03
504,1.12000000e-02,2.23629300e-03,3.89287500e-01,2.23453300e-01,2.50464816e-05,4.36002000e-03,2.50267696e-03
505,1.21000000e-02,2.40000000e-03,4.07300000e-01,2.12300000e-01,2.90400000e-05,4.92833000e-03,2.56883000e-03
506,1.32000000e-02,2.92552000e-03,4.25629900e-01,2.01169200e-01,3.86168640e-05,5.61831468e-03,2.65543344e-03
507,1.42000000e-02,3.83656000e-03,4.44309600e-01,1.90119600e-01,5.44791520e-05,6.30919632e-03,2.69969832e-03
508,1.55000000e-02,5.17484000e-03,4.63394400e-01,1.79225400e-01,8.02100200e-05,7.18261320e-03,2.77799370e-03
509,1.69000000e-02,6.98208000e-03,4.82939500e-01,1.68560800e-01,1.17997152e-04,8.16167755e-03,2.84867752e-03
510,1.82000000e-02,9.30000000e-03,5.03000000e-01,1.58200000e-01,1.69260000e-04,9.15460000e-03,2.87924000e-03
511,1.98000000e-02,1.21494900e-02,5.23569300e-01,1.48138300e-01,2.40559902e-04,1.03666721e-02,2.93313834e-03
512,2.14000000e-02,1.55358800e-02,5.44512000e-01,1.38375800e-01,3.32467832e-04,1.16525568e-02,2.96124212e-03
513,2.31000000e-02,1.94775200e-02,5.65690000e-01,1.28994200e-01,4.49930712e-04,1.30674390e-02,2.97976602e-03
514,2.47000000e-02,2.39927700e-02,5.86965300e-01,1.20075100e-01,5.92621419e-04,1.44980429e-02,2.96585497e-03
515,2.63000000e-02,2.91000000e-02,6.08200000e-01,1.11700000e-01,7.65330000e-04,1.59956600e-02,2.93771000e-03
516,2.78000000e-02,3.48148500e-02,6.29345600e-01,1.03904800e-01,9.67852830e-04,1.74958077e-02,2.88855344e-03
517,2.93000000e-02,4.11201600e-02,6.50306800e-01,9.66674800e-02,1.20482069e-03,1.90539892e-02,2.83235716e-03
518,3.06000000e-02,4.79850400e-02,6.70875200e-01,8.99827200e-02,1.46834222e-03,2.05287811e-02,2.75347123e-03
519,3.16000000e-02,5.53786100e-02,6.90842400e-01,8.38453100e-02,1.74996408e-03,2.18306198e-02,2.64951180e-03
520,3.25000000e-02,6.32700000e-02,7.10000000e-01,7.82499900e-02,2.05627500e-03,2.30750000e-02,2.54312468e-03
521,3.31000000e-02,7.16350100e-02,7.28185200e-01,7.32089900e-02,2.37111883e-03,2.41029301e-02,2.42321757e-03
522,3.34000000e-02,8.04622400e-02,7.45463600e-01,6.86781600e-02,2.68743882e-03,2.48984842e-02,2.29385054e-03
523,3.36000000e-02,8.97399600e-02,7.61969400e-01,6.45678400e-02,3.01526266e-03,2.56021718e-02,2.16947942e-03
524,3.34000000e-02,9.94564500e-02,7.77836800e-01,6.07883500e-02,3.32184543e-03,2.59797491e-02,2.03033089e-03
525,3.30000000e-02,1.09600000e-01,7.93200000e-01,5.72500100e-02,3.61680000e-03,2.61756000e-02,1.88925033e-03
526,3.22000000e-02,1.20167400e-01,8.08110400e-01,5.39043500e-02,3.86939028e-03,2.60211549e-02,1.73572007e-03
527,3.11000000e-02,1.31114500e-01,8.22496200e-01,5.07466400e-02,4.07766095e-03,2.55796318e-02,1.57822050e-03
528,3.03000000e-02,1.42367900e-01,8.36306800e-01,4.77527600e-02,4.31374737e-03,2.53400960e-02,1.44690863e-03
529,2.90000000e-02,1.53854200e-01,8.49491600e-01,4.48985900e-02,4.46177180e-03,2.46352564e-02,1.30205911e-03
530,2.78000000e-02,1.65500000e-01,8.62000000e-01,4.21600000e-02,4.60090000e-03,2.39636000e-02,1.17204800e-03
531,2.64000000e-02,1.77257100e-01,8.73810800e-01,3.95072800e-02,4.67958744e-03,2.30686051e-02,1.04299219e-03
532,2.51000000e-02,1.89140000e-01,8.84962400e-01,3.69356400e-02,4.74741400e-03,2.22125562e-02,9.27084564e-04
533,2.37000000e-02,2.01169400e-01,8.95493600e-01,3.44583600e-02,4.76771478e-03,2.12231983e-02,8.16663132e-04
534,2.26000000e-02,2.13365800e-01,9.05443200e-01,3.20887200e-02,4.82206708e-03,2.04630163e-02,7.25205072e-04
535,2.11000000e-02,2.25749900e-01,9.14850100e-01,2.98400000e-02,4.76332289e-03,1.93033371e-02,6.29624000e-04
536,2.01000000e-02,2.38320900e-01,9.23734800e-01,2.77118100e-02,4.79025009e-03,1.85670695e-02,5.57007381e-04
537,1.90000000e-02,2.51066800e-01,9.32092400e-01,2.56944400e-02,4.77026920e-03,1.77097556e-02,4.88194360e-04
538,1.80000000e-02,2.63992200e-01,9.39922600e-01,2.37871600e-02,4.75185960e-03,1.69186068e-02,4.28168880e-04
539,1.69000000e-02,2.77101700e-01,9.47225200e-01,2.19892500e-02,4.68301873e-03,1.60081059e-02,3.71618325e-04
540,1.61000000e-02,2.90400000e-01,9.54000000e-01,2.03000000e-02,4.67544000e-03,1.53594000e-02,3.26830000e-04
541,1.53000000e-02,3.03891200e-01,9.60256100e-01,1.87180500e-02,4.64953536e-03,1.46919183e-02,2.86386165e-04
542,1.44000000e-02,3.17572600e-01,9.66007400e-01,1.72403600e-02,4.57304544e-03,1.39105066e-02,2.48261184e-04
543,1.36000000e-02,3.31438400e-01,9.71260600e-01,1.58636400e-02,4.50756224e-03,1.32091442e-02,2.15745504e-04
544,1.29000000e-02,3.45482800e-01,9.76022500e-01,1.45846100e-02,4.45672812e-03,1.25906902e-02,1.88141469e-04
545,1.22000000e-02,3.59700000e-01,9.80300000e-01,1.34000000e-02,4.38834000e-03,1.19596600e-02,1.63480000e-04
546,1.15000000e-02,3.74083900e-01,9.84092400e-01,1.23072300e-02,4.30196485e-03,1.13170626e-02,1.41533145e-04
547,1.07000000e-02,3.88639600e-01,9.87418200e-01,1.13018800e-02,4.15844372e-03,1.05653747e-02,1.20930116e-04
548,1.01000000e-02,4.03378400e-01,9.90312800e-01,1.03779200e-02,4.07412184e-03,1.00021593e-02,1.04816992e-04
549,9.52000000e-03,4.18311500e-01,9.92811600e-01,9.52930600e-03,3.98232548e-03,9.45156643e-03,9.07189931e-05
550,8.90000000e-03,4.33449900e-01,9.94950100e-01,8.74999900e-03,3.85770411e-03,8.85505589e-03,7.78749911e-05
551,8.29000000e-03,4.48795300e-01,9.96710800e-01,8.03520000e-03,3.72051304e-03,8.26273253e-03,6.66118080e-05
552,7.77000000e-03,4.64336000e-01,9.98098300e-01,7.38160000e-03,3.60789072e-03,7.75522379e-03,5.73550320e-05
553,7.27000000e-03,4.80064000e-01,9.99112000e-01,6.78540000e-03,3.49006528e-03,7.26354424e-03,4.93298580e-05
554,6.77000000e-03,4.95971300e-01,9.99748200e-01,6.24280000e-03,3.35772570e-03,6.76829531e-03,4.22637560e-05
555,6.26000000e-03,5.12050100e-01,1.00000000e+00,5.74999900e-03,3.20543363e-03,6.26000000e-03,3.59949937e-05
556,5.86000000e-03,5.28295900e-01,9.99856700e-01,5.30360000e-03,3.09581397e-03,5.85916026e-03,3.10790960e-05
557,5.49000000e-03,5.44691600e-01,9.99304600e-01,4.89980000e-03,2.99035688e-03,5.48618225e-03,2.68999020e-05
558,5.08000000e-03,5.61209400e-01,9.98325500e-01,4.53420000e-03,2.85094375e-03,5.07149354e-03,2.30337360e-05
559,4.73000000e-03,5.77821500e-01,9.96898700e-01,4.20240000e-03,2.73309569e-03,4.71533085e-03,1.98773520e-05
560,4.44000000e-03,5.94500000e-01,9.95000000e-01,3.90000000e-03,2.63958000e-03,4.41780000e-03,1.73160000e-05
561,4.16000000e-03,6.11220900e-01,9.92600500e-01,3.62320000e-03,2.54267894e-03,4.12921808e-03,1.50725120e-05
562,3.89000000e-03,6.27975800e-01,9.89742600e-01,3.37060000e-03,2.44282586e-03,3.85009871e-03,1.31116340e-05
563,3.58000000e-03,6.44760200e-01,9.86444400e-01,3.14140000e-03,2.30824152e-03,3.53147095e-03,1.12462120e-05
564,3.40000000e-03,6.61569700e-01,9.82724100e-01,2.93480000e-03,2.24933698e-03,3.34126194e-03,9.97832000e-06
565,3.19000000e-03,6.78400000e-01,9.78600000e-01,2.74999900e-03,2.16409600e-03,3.12173400e-03,8.77249681e-06
566,2.99000000e-03,6.95239200e-01,9.74083700e-01,2.58520000e-03,2.07876521e-03,2.91251026e-03,7.72974800e-06
567,2.80000000e-03,7.12058600e-01,9.69171200e-01,2.43860000e-03,1.99376408e-03,2.71367936e-03,6.82808000e-06
568,2.62000000e-03,7.28828400e-01,9.63856800e-01,2.30940000e-03,1.90953041e-03,2.52530482e-03,6.05062800e-06
569,2.46000000e-03,7.45518800e-01,9.58134900e-01,2.19680000e-03,1.83397625e-03,2.35701185e-03,5.40412800e-06
570,2.32000000e-03,7.62100000e-01,9.52000000e-01,2.10000000e-03,1.76807200e-03,2.20864000e-03,4.87200000e-06
571,2.17000000e-03,7.78543200e-01,9.45450400e-01,2.01773300e-03,1.68943874e-03,2.05162737e-03,4.37848061e-06
572,2.03000000e-03,7.94825600e-01,9.38499200e-01,1.94820000e-03,1.61349597e-03,1.90515338e-03,3.95484600e-06
573,1.92000000e-03,8.10926400e-01,9.31162800e-01,1.88980000e-03,1.55697869e-03,1.78783258e-03,3.62841600e-06
574,1.80000000e-03,8.26824800e-01,9.23457600e-01,1.84093300e-03,1.48828464e-03,1.66222368e-03,3.31367940e-06
575,1.68000000e-03,8.42500000e-01,9.15400000e-01,1.80000000e-03,1.41540000e-03,1.53787200e-03,3.02400000e-06
576,1.59000000e-03,8.57932500e-01,9.07006400e-01,1.76626700e-03,1.36411268e-03,1.44214018e-03,2.80836453e-06
577,1.53000000e-03,8.73081600e-01,8.98277200e-01,1.73780000e-03,1.33581485e-03,1.37436412e-03,2.65883400e-06
578,1.44000000e-03,8.87894400e-01,8.89204800e-01,1.71120000e-03,1.27856794e-03,1.28045491e-03,2.46412800e-06
579,1.36000000e-03,9.02318100e-01,8.79781600e-01,1.68306700e-03,1.22715262e-03,1.19650298e-03,2.28897112e-06
580,1.31000000e-03,9.16300000e-01,8.70000000e-01,1.65000100e-03,1.20035300e-03,1.13970000e-03,2.16150131e-06
581,1.26000000e-03,9.29799500e-01,8.59861300e-01,1.61013300e-03,1.17154737e-03,1.08342524e-03,2.02876758e-06
582,1.19000000e-03,9.42798400e-01,8.49392000e-01,1.56440000e-03,1.12193010e-03,1.01077648e-03,1.86163600e-06
583,1.16000000e-03,9.55277600e-01,8.38622000e-01,1.51360000e-03,1.10812202e-03,9.72801520e-04,1.75577600e-06
584,1.13000000e-03,9.67217900e-01,8.27581300e-01,1.45853300e-03,1.09295623e-03,9.35166869e-04,1.64814229e-06
585,1.12000000e-03,9.78600000e-01,8.16300000e-01,1.40000000e-03,1.09603200e-03,9.14256000e-04,1.56800000e-06
586,1.11000000e-03,9.89385600e-01,8.04794700e-01,1.33666700e-03,1.09821802e-03,8.93322117e-04,1.48370037e-06
587,1.11000000e-03,9.99548800e-01,7.93082000e-01,1.27000000e-03,1.10949917e-03,8.80321020e-04,1.40970000e-06
588,1.12000000e-03,1.00908920e+00,7.81192000e-01,1.20500000e-03,1.13017990e-03,8.74935040e-04,1.34960000e-06
589,1.14000000e-03,1.01800640e+00,7.69154700e-01,1.14666700e-03,1.16052730e-03,8.76836358e-04,1.30720038e-06
590,1.18000000e-03,1.02630000e+00,7.57000000e-01,1.10000000e-03,1.21103400e-03,8.93260000e-04,1.29800000e-06
591,1.22000000e-03,1.03398270e+00,7.44754100e-01,1.06880000e-03,1.26145889e-03,9.08600002e-04,1.30393600e-06
592,1.28000000e-03,1.04098600e+00,7.32422400e-01,1.04940000e-03,1.33246208e-03,9.37500672e-04,1.34323200e-06
593,1.35000000e-03,1.04718800e+00,7.20003600e-01,1.03560000e-03,1.41370380e-03,9.72004860e-04,1.39806000e-06
594,1.43000000e-03,1.05246670e+00,7.07496500e-01,1.02120000e-03,1.50502738e-03,1.01172000e-03,1.46031600e-06
595,1.54000000e-03,1.05670000e+00,6.94900000e-01,1.00000000e-03,1.62731800e-03,1.07014600e-03,1.54000000e-06
596,1.65000000e-03,1.05979440e+00,6.82219200e-01,9.68640000e-04,1.74866076e-03,1.12566168e-03,1.59825600e-06
597,1.78000000e-03,1.06179920e+00,6.69471600e-01,9.29920000e-04,1.89000258e-03,1.19165945e-03,1.65525760e-06
598,1.94000000e-03,1.06280680e+00,6.56674400e-01,8.86880000e-04,2.06184519e-03,1.27394834e-03,1.72054720e-06
599,2.14000000e-03,1.06290960e+00,6.43844800e-01,8.42560000e-04,2.27462654e-03,1.37782787e-03,1.80307840e-06
600,2.35000000e-03,1.06220000e+00,6.31000000e-01,8.00000000e-04,2.49617000e-03,1.48285000e-03,1.88000000e-06
601,2.59000000e-03,1.06073520e+00,6.18155500e-01,7.60960000e-04,2.74730417e-03,1.60102274e-03,1.97088640e-06
602,2.84000000e-03,1.05844360e+00,6.05314400e-01,7.23680000e-04,3.00597982e-03,1.71909290e-03,2.05525120e-06
603,3.21000000e-03,1.05522440e+00,5.92475600e-01,6.85920000e-04,3.38727032e-03,1.90184668e-03,2.20180320e-06
604,3.55000000e-03,1.05097680e+00,5.79637900e-01,6.45440000e-04,3.73096764e-03,2.05771455e-03,2.29131200e-06
605,3.97000000e-03,1.04560000e+00,5.66800000e-01,6.00000000e-04,4.15103200e-03,2.25019600e-03,2.38200000e-06
606,4.45000000e-03,1.03903690e+00,5.53961100e-01,5.47866700e-04,4.62371420e-03,2.46512690e-03,2.43800681e-06
607,5.06000000e-03,1.03136080e+00,5.41137200e-01,4.91600000e-04,5.21868565e-03,2.73815423e-03,2.48749600e-06
608,5.65000000e-03,1.02266620e+00,5.28352800e-01,4.35400000e-04,5.77806403e-03,2.98519332e-03,2.46001000e-06
609,6.38000000e-03,1.01304770e+00,5.15632300e-01,3.83466700e-04,6.46324433e-03,3.28973407e-03,2.44651755e-06
610,7.15000000e-03,1.00260000e+00,5.03000000e-01,3.40000000e-04,7.16859000e-03,3.59645000e-03,2.43100000e-06
611,8.22000000e-03,9.91367500e-01,4.90468800e-01,3.07253300e-04,8.14904085e-03,4.03165354e-03,2.52562213e-06
612,9.27000000e-03,9.79331400e-01,4.78030400e-01,2.83160000e-04,9.07840208e-03,4.43134181e-03,2.62489320e-06
613,1.05000000e-02,9.66491600e-01,4.65677600e-01,2.65440000e-04,1.01481618e-02,4.88961480e-03,2.78712000e-06
614,1.18000000e-02,9.52847900e-01,4.53403200e-01,2.51813300e-04,1.12436052e-02,5.35015776e-03,2.97139694e-06
615,1.35000000e-02,9.38400000e-01,4.41200000e-01,2.40000000e-04,1.26684000e-02,5.95620000e-03,3.24000000e-06
616,1.53000000e-02,9.23194000e-01,4.29080000e-01,2.29546700e-04,1.41248682e-02,6.56492400e-03,3.51206451e-06
617,1.71000000e-02,9.07244000e-01,4.17036000e-01,2.20640000e-04,1.55138724e-02,7.13131560e-03,3.77294400e-06
618,1.92000000e-02,8.90502000e-01,4.05032000e-01,2.11960000e-04,1.70976384e-02,7.77661440e-03,4.06963200e-06
619,2.16000000e-02,8.72920000e-01,3.93032000e-01,2.02186700e-04,1.88550720e-02,8.48949120e-03,4.36723272e-06
620,2.42000000e-02,8.54449900e-01,3.81000000e-01,1.90000000e-04,2.06776876e-02,9.22020000e-03,4.59800000e-06
621,2.68000000e-02,8.35084000e-01,3.68918400e-01,1.74213300e-04,2.23802512e-02,9.88701312e-03,4.66891644e-06
622,2.93000000e-02,8.14946000e-01,3.56827200e-01,1.55640000e-04,2.38779178e-02,1.04550370e-02,4.56025200e-06
623,3.25000000e-02,7.94186000e-01,3.44776800e-01,1.35960000e-04,2.58110450e-02,1.12052460e-02,4.41870000e-06
624,3.56000000e-02,7.72954000e-01,3.32817600e-01,1.16853300e-04,2.75171624e-02,1.18483066e-02,4.15997748e-06
625,3.87000000e-02,7.51400000e-01,3.21000000e-01,1.00000000e-04,2.90791800e-02,1.24227000e-02,3.87000000e-06
626,4.18000000e-02,7.29583600e-01,3.09338100e-01,8.61333300e-05,3.04965945e-02,1.29303326e-02,3.60037319e-06
627,4.51000000e-02,7.07588800e-01,2.97850400e-01,7.46000000e-05,3.19122549e-02,1.34330530e-02,3.36446000e-06
628,4.84000000e-02,6.85602200e-01,2.86593600e-01,6.50000000e-05,3.31831465e-02,1.38711302e-02,3.14600000e-06
629,5.08000000e-02,6.63810400e-01,2.75624500e-01,5.69333300e-05,3.37215683e-02,1.40017246e-02,2.89221316e-06
630,5.28000000e-02,6.42400000e-01,2.65000000e-01,4.99999900e-05,3.39187200e-02,1.39920000e-02,2.63999947e-06
631,5.35000000e-02,6.21514900e-01,2.54763200e-01,4.41600000e-05,3.32510471e-02,1.36298312e-02,2.36256000e-06
632,5.29000000e-02,6.01113800e-01,2.44889600e-01,3.94800000e-05,3.17989200e-02,1.29546598e-02,2.08849200e-06
633,5.08000000e-02,5.81105200e-01,2.35334400e-01,3.57200000e-05,2.95201442e-02,1.19549875e-02,1.81457600e-06
634,4.76000000e-02,5.61397700e-01,2.26052800e-01,3.26400000e-05,2.67225305e-02,1.07601133e-02,1.55366400e-06
635,4.32000000e-02,5.41900000e-01,2.17000000e-01,3.00000000e-05,2.34100800e-02,9.37440000e-03,1.29600000e-06
636,3.76000000e-02,5.22599500e-01,2.08161600e-01,2.76533300e-05,1.96497412e-02,7.82687616e-03,1.03976521e-06
637,3.22000000e-02,5.03546400e-01,1.99548800e-01,2.55600000e-05,1.62141941e-02,6.42547136e-03,8.23032000e-07
638,2.71000000e-02,4.84743600e-01,1.91155200e-01,2.36400000e-05,1.31365516e-02,5.18030592e-03,6.40644000e-07
639,2.23000000e-02,4.66193900e-01,1.82974400e-01,2.18133300e-05,1.03961240e-02,4.08032912e-03,4.86437259e-07
640,1.76000000e-02,4.47900000e-01,1.75000000e-01,2.00000000e-05,7.88304000e-03,3.08000000e-03,3.52000000e-07
641,1.43000000e-02,4.29861300e-01,1.67223500e-01,1.81333300e-05,6.14701659e-03,2.39129605e-03,2.59306619e-07
642,1.15000000e-02,4.12098000e-01,1.59646400e-01,1.62000000e-05,4.73912700e-03,1.83593360e-03,1.86300000e-07
643,9.31000000e-03,3.94644000e-01,1.52277600e-01,1.42000000e-05,3.67413564e-03,1.41770446e-03,1.32202000e-07
644,7.38000000e-03,3.77533300e-01,1.45125900e-01,1.21333300e-05,2.78619575e-03,1.07102914e-03,8.95439754e-08
645,5.97000000e-03,3.60800000e-01,1.38200000e-01,1.00000000e-05,2.15397600e-03,8.25054000e-04,5.97000000e-08
646,4.91000000e-03,3.44456300e-01,1.31500300e-01,7.73333300e-06,1.69128043e-03,6.45666473e-04,3.79706650e-08
647,4.05000000e-03,3.28516800e-01,1.25024800e-01,5.40000000e-06,1.33049304e-03,5.06350440e-04,2.18700000e-08
648,3.28000000e-03,3.13019200e-01,1.18779200e-01,3.20000000e-06,1.02670298e-03,3.89595776e-04,1.04960000e-08
649,2.67000000e-03,2.98001100e-01,1.12769100e-01,1.33333300e-06,7.95662937e-04,3.01093497e-04,3.55999911e-09
650,2.21000000e-03,2.83500000e-01,1.07000000e-01,0.00000000e+00,6.26535000e-04,2.36470000e-04,0.00000000e+00
651,1.83000000e-03,2.69544800e-01,1.01476200e-01,0.00000000e+00,4.93266984e-04,1.85701446e-04,0.00000000e+00
652,1.51000000e-03,2.56118400e-01,9.61886400e-02,0.00000000e+00,3.86738784e-04,1.45244846e-04,0.00000000e+00
653,1.22000000e-03,2.43189600e-01,9.11229600e-02,0.00000000e+00,2.96691312e-04,1.11170011e-04,0.00000000e+00
654,1.03000000e-03,2.30727200e-01,8.62648500e-02,0.00000000e+00,2.37649016e-04,8.88527955e-05,0.00000000e+00
655,8.66000000e-04,2.18700000e-01,8.16000000e-02,0.00000000e+00,1.89394200e-04,7.06656000e-05,0.00000000e+00
656,7.41000000e-04,2.07097100e-01,7.71206400e-02,0.00000000e+00,1.53458951e-04,5.71463942e-05,0.00000000e+00
657,6.13000000e-04,1.95923200e-01,7.28255200e-02,0.00000000e+00,1.20100922e-04,4.46420438e-05,0.00000000e+00
658,5.33000000e-04,1.85170800e-01,6.87100800e-02,0.00000000e+00,9.86960364e-05,3.66224726e-05,0.00000000e+00
659,4.56000000e-04,1.74832300e-01,6.47697600e-02,0.00000000e+00,7.97235288e-05,2.95350106e-05,0.00000000e+00
660,3.90000000e-04,1.64900000e-01,6.10000000e-02,0.00000000e+00,6.43110000e-05,2.37900000e-05,0.00000000e+00
661,3.34000000e-04,1.55366700e-01,5.73962100e-02,0.00000000e+00,5.18924778e-05,1.91703341e-05,0.00000000e+00
662,2.88000000e-04,1.46230000e-01,5.39550400e-02,0.00000000e+00,4.21142400e-05,1.55390515e-05,0.00000000e+00
663,2.54000000e-04,1.37490000e-01,5.06737600e-02,0.00000000e+00,3.49224600e-05,1.28711350e-05,0.00000000e+00
664,2.25000000e-04,1.29146700e-01,4.75496500e-02,0.00000000e+00,2.90580075e-05,1.06986712e-05,0.00000000e+00
665,1.87000000e-04,1.21200000e-01,4.45800000e-02,0.00000000e+00,2.26644000e-05,8.33646000e-06,0.00000000e+00
666,1.67000000e-04,1.13639700e-01,4.17587200e-02,0.00000000e+00,1.89778299e-05,6.97370624e-06,0.00000000e+00
667,1.48000000e-04,1.06465000e-01,3.90849600e-02,0.00000000e+00,1.57568200e-05,5.78457408e-06,0.00000000e+00
668,1.27000000e-04,9.96904400e-02,3.65638400e-02,0.00000000e+00,1.26606859e-05,4.64360768e-06,0.00000000e+00
669,1.08000000e-04,9.33306100e-02,3.42004800e-02,0.00000000e+00,1.00797059e-05,3.69365184e-06,0.00000000e+00
670,1.01000000e-04,8.74000000e-02,3.20000000e-02,0.00000000e+00,8.82740000e-06,3.23200000e-06,0.00000000e+00
671,8.87000000e-05,8.19009600e-02,2.99626100e-02,0.00000000e+00,7.26461515e-06,2.65768351e-06,0.00000000e+00
672,8.04000000e-05,7.68042800e-02,2.80766400e-02,0.00000000e+00,6.17506411e-06,2.25736186e-06,0.00000000e+00
673,7.40000000e-05,7.20771200e-02,2.63293600e-02,0.00000000e+00,5.33370688e-06,1.94837264e-06,0.00000000e+00
674,6.40000000e-05,6.76866400e-02,2.47080500e-02,0.00000000e+00,4.33194496e-06,1.58131520e-06,0.00000000e+00
675,6.02000000e-05,6.36000000e-02,2.32000000e-02,0.00000000e+00,3.82872000e-06,1.39664000e-06,0.00000000e+00
676,5.31000000e-05,5.98068500e-02,2.18007700e-02,0.00000000e+00,3.17574374e-06,1.15762089e-06,0.00000000e+00
677,4.72000000e-05,5.62821600e-02,2.05011200e-02,0.00000000e+00,2.65651795e-06,9.67652864e-07,0.00000000e+00
678,3.51000000e-05,5.29710400e-02,1.92810800e-02,0.00000000e+00,1.85928350e-06,6.76765908e-07,0.00000000e+00
679,4.01000000e-05,4.98186100e-02,1.81206900e-02,0.00000000e+00,1.99772626e-06,7.26639669e-07,0.00000000e+00
680,3.50000000e-05,4.67700000e-02,1.70000000e-02,0.00000000e+00,1.63695000e-06,5.95000000e-07,0.00000000e+00
681,3.53000000e-05,4.37840500e-02,1.59037900e-02,0.00000000e+00,1.54557696e-06,5.61403787e-07,0.00000000e+00
682,3.10000000e-05,4.08753600e-02,1.48371800e-02,0.00000000e+00,1.26713616e-06,4.59952580e-07,0.00000000e+00
683,2.69000000e-05,3.80726400e-02,1.38106800e-02,0.00000000e+00,1.02415402e-06,3.71507292e-07,0.00000000e+00
684,2.63000000e-05,3.54046100e-02,1.28347800e-02,0.00000000e+00,9.31141243e-07,3.37554714e-07,0.00000000e+00
685,2.59000000e-05,3.29000000e-02,1.19200000e-02,0.00000000e+00,8.52110000e-07,3.08728000e-07,0.00000000e+00
686,2.80000000e-05,3.05641900e-02,1.10683100e-02,0.00000000e+00,8.55797320e-07,3.09912680e-07,0.00000000e+00
687,3.15000000e-05,2.83805600e-02,1.02733900e-02,0.00000000e+00,8.93987640e-07,3.23611785e-07,0.00000000e+00
688,2.07000000e-05,2.63448400e-02,9.53331100e-03,0.00000000e+00,5.45338188e-07,1.97339538e-07,0.00000000e+00
689,1.89000000e-05,2.44527500e-02,8.84615700e-03,0.00000000e+00,4.62156975e-07,1.67192367e-07,0.00000000e+00
690,1.89000000e-05,2.27000000e-02,8.21000000e-03,0.00000000e+00,4.29030000e-07,1.55169000e-07,0.00000000e+00
691,2.57000000e-05,2.10842900e-02,7.62378100e-03,0.00000000e+00,5.41866253e-07,1.95931172e-07,0.00000000e+00
692,1.38000000e-05,1.95998800e-02,7.08542400e-03,0.00000000e+00,2.70478344e-07,9.77788512e-08,0.00000000e+00
693,1.59000000e-05,1.82373200e-02,6.59147600e-03,0.00000000e+00,2.89973388e-07,1.04804468e-07,0.00000000e+00
694,1.82000000e-05,1.69871700e-02,6.13848500e-03,0.00000000e+00,3.09166494e-07,1.11720427e-07,0.00000000e+00
695,1.68000000e-05,1.58400000e-02,5.72300000e-03,0.00000000e+00,2.66112000e-07,9.61464000e-08,0.00000000e+00
696,2.03000000e-05,1.47906400e-02,5.34305900e-03,0.00000000e+00,3.00249992e-07,1.08464098e-07,0.00000000e+00
697,1.74000000e-05,1.38313200e-02,4.99579600e-03,0.00000000e+00,2.40664968e-07,8.69268504e-08,0.00000000e+00
698,1.69000000e-05,1.29486800e-02,4.67640400e-03,0.00000000e+00,2.18832692e-07,7.90312276e-08,0.00000000e+00
699,1.80000000e-05,1.21292000e-02,4.38007500e-03,0.00000000e+00,2.18325600e-07,7.88413500e-08,0.00000000e+00
700,1.16000000e-05,1.13591600e-02,4.10200000e-03,0.00000000e+00,1.31766256e-07,4.75832000e-08,0.00000000e+00
701,1.74000000e-05,1.06293500e-02,3.83845300e-03,0.00000000e+00,1.84950690e-07,6.67890822e-08,0.00000000e+00
702,1.36000000e-05,9.93884600e-03,3.58909900e-03,0.00000000e+00,1.35168306e-07,4.88117464e-08,0.00000000e+00
703,1.48000000e-05,9.28842200e-03,3.35421900e-03,0.00000000e+00,1.37468646e-07,4.96424412e-08,0.00000000e+00
704,1.28000000e-05,8.67885400e-03,3.13409300e-03,0.00000000e+00,1.11089331e-07,4.01163904e-08,0.00000000e+00
705,1.40000000e-05,8.11091600e-03,2.92900000e-03,0.00000000e+00,1.13552824e-07,4.10060000e-08,0.00000000e+00
706,1.20000000e-05,7.58238800e-03,2.73813900e-03,0.00000000e+00,9.09886560e-08,3.28576680e-08,0.00000000e+00
707,1.40000000e-05,7.08874600e-03,2.55987600e-03,0.00000000e+00,9.92424440e-08,3.58382640e-08,0.00000000e+00
708,1.61000000e-05,6.62731300e-03,2.39324400e-03,0.00000000e+00,1.06699739e-07,3.85312284e-08,0.00000000e+00
709,6.52000000e-06,6.19540800e-03,2.23727500e-03,0.00000000e+00,4.03940602e-08,1.45870330e-08,0.00000000e+00
710,1.24000000e-05,5.79034600e-03,2.09100000e-03,0.00000000e+00,7.18002904e-08,2.59284000e-08,0.00000000e+00
711,1.29000000e-05,5.40982600e-03,1.95358700e-03,0.00000000e+00,6.97867554e-08,2.52012723e-08,0.00000000e+00
712,6.34000000e-06,5.05258300e-03,1.82458000e-03,0.00000000e+00,3.20333762e-08,1.15678372e-08,0.00000000e+00
713,8.48000000e-06,4.71751200e-03,1.70358000e-03,0.00000000e+00,4.00045018e-08,1.44463584e-08,0.00000000e+00
714,9.32000000e-06,4.40350700e-03,1.59018700e-03,0.00000000e+00,4.10406852e-08,1.48205428e-08,0.00000000e+00
715,1.20000000e-05,4.10945700e-03,1.48400000e-03,0.00000000e+00,4.93134840e-08,1.78080000e-08,0.00000000e+00
716,1.29000000e-05,3.83391300e-03,1.38449600e-03,0.00000000e+00,4.94574777e-08,1.78599984e-08,0.00000000e+00
717,1.16000000e-05,3.57574800e-03,1.29126800e-03,0.00000000e+00,4.14786768e-08,1.49787088e-08,0.00000000e+00
718,9.30000000e-06,3.33434200e-03,1.20409200e-03,0.00000000e+00,3.10093806e-08,1.11980556e-08,0.00000000e+00
719,9.05000000e-06,3.10907500e-03,1.12274400e-03,0.00000000e+00,2.81371287e-08,1.01608332e-08,0.00000000e+00
720,1.18000000e-05,2.89932700e-03,1.04700000e-03,0.00000000e+00,3.42120586e-08,1.23546000e-08,0.00000000e+00
721,1.08000000e-05,2.70434800e-03,9.76589600e-04,0.00000000e+00,2.92069584e-08,1.05471677e-08,0.00000000e+00
722,1.12000000e-05,2.52302000e-03,9.11108800e-04,0.00000000e+00,2.82578240e-08,1.02044186e-08,0.00000000e+00
723,1.22000000e-05,2.35416800e-03,8.50133200e-04,0.00000000e+00,2.87208496e-08,1.03716250e-08,0.00000000e+00
724,8.43000000e-06,2.19661600e-03,7.93238400e-04,0.00000000e+00,1.85174729e-08,6.68699971e-09,0.00000000e+00
725,7.38000000e-06,2.04919000e-03,7.40000000e-04,0.00000000e+00,1.51230222e-08,5.46120000e-09,0.00000000e+00
726,9.15000000e-06,1.91096000e-03,6.90082700e-04,0.00000000e+00,1.74852840e-08,6.31425671e-09,0.00000000e+00
727,9.67000000e-06,1.78143800e-03,6.43310000e-04,0.00000000e+00,1.72265055e-08,6.22080770e-09,0.00000000e+00
728,6.48000000e-06,1.66011000e-03,5.99496000e-04,0.00000000e+00,1.07575128e-08,3.88473408e-09,0.00000000e+00
729,7.05000000e-06,1.54645900e-03,5.58454700e-04,0.00000000e+00,1.09025360e-08,3.93710563e-09,0.00000000e+00
730,7.77000000e-06,1.43997100e-03,5.20000000e-04,0.00000000e+00,1.11885747e-08,4.04040000e-09,0.00000000e+00
731,8.02000000e-06,1.34004200e-03,4.83913600e-04,0.00000000e+00,1.07471368e-08,3.88098707e-09,0.00000000e+00
732,6.97000000e-06,1.24627500e-03,4.50052800e-04,0.00000000e+00,8.68653675e-09,3.13686802e-09,0.00000000e+00
733,6.48000000e-06,1.15847100e-03,4.18345200e-04,0.00000000e+00,7.50689208e-09,2.71087690e-09,0.00000000e+00
734,6.38000000e-06,1.07643000e-03,3.88718400e-04,0.00000000e+00,6.86762340e-09,2.48002339e-09,0.00000000e+00
735,8.92000000e-06,9.99949300e-04,3.61100000e-04,0.00000000e+00,8.91954776e-09,3.22101200e-09,0.00000000e+00
736,9.06000000e-06,9.28735800e-04,3.35383500e-04,0.00000000e+00,8.41434635e-09,3.03857451e-09,0.00000000e+00
737,8.19000000e-06,8.62433200e-04,3.11440400e-04,0.00000000e+00,7.06332791e-09,2.55069688e-09,0.00000000e+00
738,6.86000000e-06,8.00750300e-04,2.89165600e-04,0.00000000e+00,5.49314706e-09,1.98367602e-09,0.00000000e+00
739,4.95000000e-06,7.43396000e-04,2.68453900e-04,0.00000000e+00,3.67981020e-09,1.32884681e-09,0.00000000e+00
740,8.14000000e-06,6.90078600e-04,2.49200000e-04,0.00000000e+00,5.61723980e-09,2.02848800e-09,0.00000000e+00
741,8.45000000e-06,6.40515600e-04,2.31301900e-04,0.00000000e+00,5.41235682e-09,1.95450106e-09,0.00000000e+00
742,8.50000000e-06,5.94502100e-04,2.14685600e-04,0.00000000e+00,5.05326785e-09,1.82482760e-09,0.00000000e+00
743,8.89000000e-06,5.51864600e-04,1.99288400e-04,0.00000000e+00,4.90607629e-09,1.77167388e-09,0.00000000e+00
744,6.03000000e-06,5.12429000e-04,1.85047500e-04,0.00000000e+00,3.08994687e-09,1.11583643e-09,0.00000000e+00
745,6.70000000e-06,4.76021300e-04,1.71900000e-04,0.00000000e+00,3.18934271e-09,1.15173000e-09,0.00000000e+00
746,7.14000000e-06,4.42453600e-04,1.59778100e-04,0.00000000e+00,3.15911870e-09,1.14081563e-09,0.00000000e+00
747,7.38000000e-06,4.11511700e-04,1.48604400e-04,0.00000000e+00,3.03695635e-09,1.09670047e-09,0.00000000e+00
748,8.02000000e-06,3.82981400e-04,1.38301600e-04,0.00000000e+00,3.07151083e-09,1.10917883e-09,0.00000000e+00
749,7.42000000e-06,3.56649100e-04,1.28792500e-04,0.00000000e+00,2.64633632e-09,9.55640350e-10,0.00000000e+00
750,7.09000000e-06,3.32301100e-04,1.20000000e-04,0.00000000e+00,2.35601480e-09,8.50800000e-10,0.00000000e+00
751,7.20000000e-06,3.09758600e-04,1.11859500e-04,0.00000000e+00,2.23026192e-09,8.05388400e-10,0.00000000e+00
752,6.23000000e-06,2.88887100e-04,1.04322400e-04,0.00000000e+00,1.79976663e-09,6.49928552e-10,0.00000000e+00
753,6.67000000e-06,2.69539400e-04,9.73356000e-05,0.00000000e+00,1.79782780e-09,6.49228452e-10,0.00000000e+00
754,6.57000000e-06,2.51568200e-04,9.08458700e-05,0.00000000e+00,1.65280307e-09,5.96857366e-10,0.00000000e+00
755,6.92000000e-06,2.34826100e-04,8.48000000e-05,0.00000000e+00,1.62499661e-09,5.86816000e-10,0.00000000e+00
756,7.77000000e-06,2.19171000e-04,7.91466700e-05,0.00000000e+00,1.70295867e-09,6.14969626e-10,0.00000000e+00
757,7.03000000e-06,2.04525800e-04,7.38580000e-05,0.00000000e+00,1.43781637e-09,5.19221740e-10,0.00000000e+00
758,6.43000000e-06,1.90840500e-04,6.89160000e-05,0.00000000e+00,1.22710441e-09,4.43129880e-10,0.00000000e+00
759,6.89000000e-06,1.78065400e-04,6.43026700e-05,0.00000000e+00,1.22687061e-09,4.43045396e-10,0.00000000e+00
760,6.82000000e-06,1.66150500e-04,6.00000000e-05,0.00000000e+00,1.13314641e-09,4.09200000e-10,0.00000000e+00
761,7.94000000e-06,1.55023600e-04,5.59818700e-05,0.00000000e+00,1.23088738e-09,4.44496048e-10,0.00000000e+00
762,5.48000000e-06,1.44621900e-04,5.22256000e-05,0.00000000e+00,7.92528012e-10,2.86196288e-10,0.00000000e+00
763,6.34000000e-06,1.34909800e-04,4.87184000e-05,0.00000000e+00,8.55328132e-10,3.08874656e-10,0.00000000e+00
764,6.62000000e-06,1.25852000e-04,4.54474700e-05,0.00000000e+00,8.33140240e-10,3.00862251e-10,0.00000000e+00
765,6.15000000e-06,1.17413000e-04,4.24000000e-05,0.00000000e+00,7.22089950e-10,2.60760000e-10,0.00000000e+00
766,6.42000000e-06,1.09551500e-04,3.95610400e-05,0.00000000e+00,7.03320630e-10,2.53981877e-10,0.00000000e+00
767,7.27000000e-06,1.02224500e-04,3.69151200e-05,0.00000000e+00,7.43172115e-10,2.68372922e-10,0.00000000e+00
768,7.09000000e-06,9.53944500e-05,3.44486800e-05,0.00000000e+00,6.76346650e-10,2.44241141e-10,0.00000000e+00
769,6.23000000e-06,8.90239000e-05,3.21481600e-05,0.00000000e+00,5.54618897e-10,2.00283037e-10,0.00000000e+00
770,6.73000000e-06,8.30752700e-05,3.00000000e-05,0.00000000e+00,5.59096567e-10,2.01900000e-10,0.00000000e+00
771,6.13000000e-06,7.75126900e-05,2.79912500e-05,0.00000000e+00,4.75152790e-10,1.71586363e-10,0.00000000e+00
772,6.30000000e-06,7.23130400e-05,2.61135600e-05,0.00000000e+00,4.55572152e-10,1.64515428e-10,0.00000000e+00
773,6.35000000e-06,6.74577800e-05,2.43602400e-05,0.00000000e+00,4.28356903e-10,1.54687524e-10,0.00000000e+00
774,5.50000000e-06,6.29284400e-05,2.27246100e-05,0.00000000e+00,3.46106420e-10,1.24985355e-10,0.00000000e+00
775,8.05000000e-06,5.87065200e-05,2.12000000e-05,0.00000000e+00,4.72587486e-10,1.70660000e-10,0.00000000e+00
776,6.99000000e-06,5.47702800e-05,1.97785500e-05,0.00000000e+00,3.82844257e-10,1.38252065e-10,0.00000000e+00
777,7.56000000e-06,5.10991800e-05,1.84528500e-05,0.00000000e+00,3.86309801e-10,1.39503546e-10,0.00000000e+00
778,7.17000000e-06,4.76765400e-05,1.72168700e-05,0.00000000e+00,3.41840792e-10,1.23444958e-10,0.00000000e+00
779,8.10000000e-06,4.44856700e-05,1.60645900e-05,0.00000000e+00,3.60333927e-10,1.30123179e-10,0.00000000e+00
780,8.88000000e-06,4.15099400e-05,1.49900000e-05,0.00000000e+00,3.68608267e-10,1.33111200e-10,0.00000000e+00
